{
	"version": 1,
	"changelists": [
		{
			"guid": "00000000000000000000000000000000",
			"description": "Default Uncontrolled Changelist",
			"files": [
				"/Users/elijahlo/Desktop/EliLoMatrix/Content/InfiniteMatrix/Blueprints/BP_enemy.uasset",
				"/Users/elijahlo/Desktop/EliLoMatrix/Content/InfiniteMatrix/Blueprints/BP_Player.uasset",
				"/Users/elijahlo/Desktop/EliLoMatrix/Content/InfiniteMatrix/Blueprints/BP_Projectile.uasset",
				"/Users/elijahlo/Desktop/InfiniteMatrixStarter/Content/InfiniteMatrix/Blueprints/BP_TunnelSpawner.uasset",
				"/Users/elijahlo/Desktop/InfiniteMatrixStarter/Content/InfiniteMatrix/Maps/TutorialMap.umap",
				"/Users/elijahlo/Desktop/InfiniteMatrixStarter/Content/InfiniteMatrix/Blueprints/BP_Tunnel.uasset",
				"/Users/elijahlo/Desktop/InfiniteMatrixStarter/Content/InfiniteMatrix/Blueprints/BP_Player.uasset",
				"/Users/elijahlo/Desktop/InfiniteMatrixStarter/Content/InfiniteMatrix/UI/WBP_Restart.uasset",
				"/Users/elijahlo/Desktop/InfiniteMatrixStarter/Content/InfiniteMatrix/UI/WB_Health.uasset",
				"/Users/elijahlo/Desktop/InfiniteMatrixStarter/Content/InfiniteMatrix/UI/WB_Score.uasset",
				"/Users/elijahlo/Desktop/InfiniteMatrixStarter/Content/InfiniteMatrix/Blueprints/BP_enemy.uasset"
			]
		}
	]
}